{
  "start_time": {
    "precision": 1.0,
    "recall": 0.6923076923076923,
    "f1-score": 0.8181818181818181,
    "support": 13,
    "confused_with": {
      "number_top_res": 4
    }
  },
  "number_top_res": {
    "precision": 0.6666666666666666,
    "recall": 1.0,
    "f1-score": 0.8,
    "support": 8,
    "confused_with": {}
  },
  "end_time": {
    "precision": 1.0,
    "recall": 0.14285714285714285,
    "f1-score": 0.25,
    "support": 7,
    "confused_with": {
      "start_price": 6
    }
  },
  "start_price": {
    "precision": 0.7435897435897436,
    "recall": 1.0,
    "f1-score": 0.8529411764705882,
    "support": 29,
    "confused_with": {}
  },
  "price_type": {
    "precision": 0.7857142857142857,
    "recall": 1.0,
    "f1-score": 0.88,
    "support": 22,
    "confused_with": {}
  },
  "end_price": {
    "precision": 1.0,
    "recall": 0.7142857142857143,
    "f1-score": 0.8333333333333333,
    "support": 14,
    "confused_with": {
      "start_price": 4
    }
  },
  "time_type": {
    "precision": 0.9629629629629629,
    "recall": 1.0,
    "f1-score": 0.9811320754716981,
    "support": 26,
    "confused_with": {}
  },
  "food_name": {
    "precision": 1.0,
    "recall": 0.9859154929577465,
    "f1-score": 0.9929078014184397,
    "support": 71,
    "confused_with": {}
  },
  "address_food": {
    "precision": 1.0,
    "recall": 1.0,
    "f1-score": 1.0,
    "support": 94,
    "confused_with": {}
  },
  "micro avg": {
    "precision": 0.9275862068965517,
    "recall": 0.9471830985915493,
    "f1-score": 0.9372822299651569,
    "support": 284
  },
  "macro avg": {
    "precision": 0.9065481843259621,
    "recall": 0.8372628936009217,
    "f1-score": 0.8231662449862086,
    "support": 284
  },
  "weighted avg": {
    "precision": 0.9444372789443212,
    "recall": 0.9471830985915493,
    "f1-score": 0.9315289164917279,
    "support": 284
  },
  "accuracy": 0.9764201500535906
}